id,product_number,name,description,color,size,age,cat_id,photo,active,created_at,updated_at
13761,13761,Kleding pakket,1 x gevoerde broek 2 x shirt,Diverse,74,,15,/winkel/foto/Kleding pakket_1789271548.jpg,1,2018-04-03 14:00:20,2018-04-09 20:03:00
13762,13762,Rompers,4 x romper ,Diverse,62-68,,15,/winkel/foto/Rompers_854149518.jpg,1,2018-04-03 14:00:20,2018-04-09 20:03:00
13763,13763,Winter pakketje,1 x muts 1 x sjaal 1 x handschoenen,Diverse,Muts 40 cm omtrek,,7,/winkel/foto/Winter pakketje_2108106401.jpg,1,2018-04-03 14:00:20,2018-04-09 20:03:00
13765,13765,Huispak,Onsie huispak,Diverse,104-110,,15,/winkel/foto/Huispak_1844844722.jpg,1,2018-04-03 14:00:20,2018-04-09 20:03:00
13766,13766,Shirts,2 x shirt,Diverse,74,,15,/winkel/foto/Shirts_1191665316.jpg,1,2018-04-03 14:00:20,2018-04-09 20:03:00
13768,13768,Shirts,2 x shirt,Diverse,86,,15,/winkel/foto/Shirts_1175139949.jpg,1,2018-04-03 14:00:20,2018-04-09 20:03:00
13769,13769,Kleding pakket,2 x romper 1 x broek,Diverse,74-80,,15,/winkel/foto/Kleding pakket_1120140724.jpg,1,2018-04-03 14:00:20,2018-04-09 20:03:00
13771,13771,8,,Wit en blauw ,,0 tot 6 maanden,8,/winkel/foto/Schoenen_2038455564.jpg,0,2018-04-03 14:00:20,2018-04-09 20:03:00
13772,13772,Sloffen,1 x sloffen ,Blauw ,26,,8,/winkel/foto/Sloffen_1267933660.jpg,0,2018-04-03 14:00:20,2018-04-09 20:03:00
13774,13774,Kleding zetje,1 x vest 1 x shirt 1 x broek,Diverse,86,,15,/winkel/foto/Kleding zetje_1136393006.jpg,1,2018-04-03 14:00:20,2018-04-09 20:03:00
13775,13775,Kleding pakket,1 x shirt 1x broek 1 x tuinbroek ,Diverse,68,,15,/winkel/foto/Kleding pakket_1238226073.jpg,1,2018-04-03 14:00:20,2018-04-09 20:03:00
13776,13776,Broeken,4 x broeken waarvan 1 joggingbroek ,Diverse ,62,,15,/winkel/foto/Broeken_34839241.jpg,1,2018-04-03 14:00:20,2018-04-09 20:03:00
13778,13778,Kleding zetje,1 x vest 1 x shirt 1 x broek,Diverse,80,,15,/winkel/foto/Kleding zetje_1120189600.jpg,1,2018-04-03 14:00:20,2018-04-09 20:03:00
13779,13779,Shirts,2 x shirt,Diverse,62,,15,/winkel/foto/Shirts_589399674.jpg,1,2018-04-03 14:00:20,2018-04-09 20:03:00
13780,13780,Rompers,2 x romper,Blauw ,86-92,,15,/winkel/foto/Rompers_647800082.jpg,1,2018-04-03 14:00:20,2018-04-09 20:03:00
13782,13782,Rompers,2 x romper,Wit,74-80,,34,/winkel/foto/Rompers_1712810523.jpg,1,2018-04-03 14:00:20,2018-04-09 20:03:00
13788,13788,Onsie,1 x onsie met halter,Diverse,152,,16,/winkel/foto/Onsie_869991013.jpg,1,2018-04-03 14:00:20,2018-04-09 20:03:00
13793,13793,Shirts,3 x shirts,Diverse,122,,16,/winkel/foto/Shirts_376817002.jpg,1,2018-04-03 14:00:20,2018-04-09 20:03:00
13795,13795,Shirts,2 x shirt 1 x blouse,Diverse,152,,16,/winkel/foto/Shirts_501468448.jpg,1,2018-04-03 14:00:20,2018-04-09 20:03:00
13799,13799,Rompers,4 x romper ,Diverse,74-80,,16,/winkel/foto/Rompers_387115338.jpg,1,2018-04-03 14:00:20,2018-04-09 20:03:00
13800,13800,Winterpak,Skie of winter pak,Diverse,74-80,,4,/winkel/foto/Winterpak_325728079.jpg,1,2018-04-03 14:00:20,2018-04-09 20:03:00
13801,13801,Winter pakketje,Muts en handschoenen    in muts zit een vlek maar kan er worden uitgewassen.   ,Diverse,,6 tot 12 maanden ,7,/winkel/foto/Winter pakketje_515313727.jpg,1,2018-04-03 14:00:20,2018-04-09 20:03:00
13802,13802,Oorwarmers,2 x oorwarmers,Diverse,,4 tot 6 jaar,7,/winkel/foto/Oorwarmers_416292480.jpg,1,2018-04-03 14:00:20,2018-04-09 20:03:00
13805,13805,Beenwarmers,1 x beenwarmers ,Zwart,One sice,,7,/winkel/foto/Beenwarmers_321235154.jpg,1,2018-04-03 14:00:20,2018-04-09 20:03:00
13806,13806,Wandjes,1 x wandjes,Diverse,One sice,,7,/winkel/foto/Wandjes_121244193.jpg,1,2018-04-03 14:00:20,2018-04-09 20:03:00
13807,13807,Winter pakketje,Sjaal en muts met kraag,Diverse,,3 +,7,/winkel/foto/Winter pakketje_823929201.jpg,1,2018-04-03 14:00:20,2018-04-09 20:03:00
13808,13808,Sjaal,Sjaal met muts er aam vast,Rood,,,7,/winkel/foto/Sjaal_358211521.jpg,1,2018-04-03 14:00:20,2018-04-09 20:03:00
13813,13813,Winter pakketje,Sjaal met muts er aam vast en handschoenen ,Zwart en roze,,10-12 jaar,7,/winkel/foto/Winter pakketje_58916165.jpg,1,2018-04-03 14:00:20,2018-04-09 20:03:00
13814,13814,Winter pakketje,1 x ronde sjaal 1 x muts ,Zwart en grijs ,,10-12 jaar,7,/winkel/foto/Winter pakketje_19707907.jpg,1,2018-04-03 14:00:20,2018-04-09 20:03:00
13815,13815,Winter pakketje,1 x sjaal 1 x muts,,56-62 muts maat,,7,/winkel/foto/Winter pakketje_302929866.jpg,1,2018-04-03 14:00:20,2018-04-09 20:03:00
13817,13817,Kleding pakket,1 x blazer 2 x shirt,Diverse,110-116,,16,/winkel/foto/Kleding pakket_880639496.jpg,1,2018-04-03 14:00:20,2018-04-09 20:03:00
13818,13818,Broeken ,2 x broek waarvan 1 gevoert ,Diverse,104,,16,/winkel/foto/Broeken _160434997.jpg,1,2018-04-03 14:00:20,2018-04-09 20:03:00
13821,13821,Kleding zetje,1 x broek 1 x shirt,Diverse,56,,16,/winkel/foto/Kleding zetje_383233469.jpg,1,2018-04-03 14:00:20,2018-04-09 20:03:00
13823,13823,Broeken,2 x broek,Diverse,116,,16,/winkel/foto/Broeken_1072360062.jpg,1,2018-04-03 14:00:20,2018-04-09 20:03:00
13824,13824,Shirts,3 x shirts,Diverse,146-152,,16,/winkel/foto/Shirts_1820665982.jpg,1,2018-04-03 14:00:20,2018-04-09 20:03:00
13826,13826,Shirts,2 x shirt ,Diverse,134-140,,16,/winkel/foto/Shirts_1296216485.jpg,1,2018-04-03 14:00:20,2018-04-09 20:03:00
13827,13827,Kleding pakket,2 x broeken 1 x shirt ,Diverse,92,,16,/winkel/foto/Kleding pakket_1230775035.jpg,1,2018-04-03 14:00:20,2018-04-09 20:03:00
13828,13828,Broeken ,4 x broek waarvan 1 gevoert,Diverse,92,,16,/winkel/foto/Broeken _284506465.jpg,1,2018-04-03 14:00:20,2018-04-09 20:03:00
13830,13830,Kleding pakket,1 x joggingbroek  1 x majo 2 x shirt,Diverse,86,,16,/winkel/foto/Kleding pakket_1428423970.jpg,1,2018-04-03 14:00:20,2018-04-09 20:03:00
13831,13831,Kleding zetje,1 x romper 1 x shirt 1 x broek,Diverse,68,,16,/winkel/foto/Kleding zetje_424380285.jpg,1,2018-04-03 14:00:20,2018-04-09 20:03:00
13832,13832,Muts,2 x baby muts,Roze,,0 tot 6 maanden,34,/winkel/foto/Muts_1281965428.jpg,1,2018-04-03 14:00:20,2018-04-09 20:03:00
13833,13833,Majo,2 x majo,Diverse,68-74,,16,/winkel/foto/Majo_105733074.jpg,1,2018-04-03 14:00:20,2018-04-09 20:03:00
13834,13834,Kleding zetje,1 x broek 1 x shirt 1 x vest,Diverse,68,,15,/winkel/foto/Kleding zetje_590516158.jpg,1,2018-04-03 14:00:20,2018-04-09 20:03:00
13835,13835,Kleding zetje,1 x broek 1 x shirt,Diverse,68,,15,/winkel/foto/Kleding zetje_215704167.jpg,1,2018-04-03 14:00:20,2018-04-09 20:03:00
13836,13836,Kleding zetje,1 x shirt 1 x broek,Diverse,86,,15,/winkel/foto/Kleding zetje_1697115417.jpg,1,2018-04-03 14:00:20,2018-04-09 20:03:00
13838,13838,Kleding pakket,1 x joggingbroek 1 x spijkerbroek 1 x vest,Diverse,68,,15,/winkel/foto/Kleding pakket_1083112505.jpg,1,2018-04-08 14:17:54,2018-04-09 20:03:00
13839,13839,Broeken,2 x jogginbroek,Diverse,68,,15,/winkel/foto/Broeken_83941744.jpg,1,2018-04-08 14:17:54,2018-04-09 20:03:00
13840,13840,Kleding pakket,2 x shirt 1 x broek,Diverse,68,,15,/winkel/foto/Kleding pakket_309456431.jpg,1,2018-04-08 14:17:54,2018-04-09 20:03:00
13841,13841,Broeken,2 x jogginbroek,Diverse,68,,15,/winkel/foto/Broeken_218191066.jpg,1,2018-04-08 14:17:54,2018-04-09 20:03:00
13842,13842,Kleding zetje,1 x broek 1 x shirt ,Diverse,68,,15,/winkel/foto/Kleding zetje_1979809701.jpg,1,2018-04-08 14:17:54,2018-04-09 20:03:00
13843,13843,Kleding zetje,1 x trui 1 x broek 1 x shirt,Diverse,80,,15,/winkel/foto/Kleding zetje_1142343854.jpg,1,2018-04-08 14:17:54,2018-04-09 20:03:00
13845,13845,Kleding zetje,1 x shirt 1 x broek,Diverse,68,,15,/winkel/foto/Kleding zetje_495041236.jpg,1,2018-04-08 14:17:54,2018-04-09 20:03:00
13846,13846,Kleding zetje,1 x broek 1 x vest,Diverse,68,,15,/winkel/foto/Kleding zetje_707007456.jpg,1,2018-04-08 14:17:54,2018-04-09 20:03:00
13847,13847,Kleding pakket,1 x shirt 1 x blouse 1 x broek 1 x spenser,Diverse,68,,15,/winkel/foto/Kleding pakket_27648340.jpg,1,2018-04-08 14:17:54,2018-04-09 20:03:00
13848,13848,Kleding zetje,1 x broek 1 x shirt,Diverse,68,,15,/winkel/foto/Kleding zetje_1535742375.jpg,1,2018-04-08 14:17:54,2018-04-09 20:03:00
13849,13849,Kleding pakket,1 x broek 2 x shirt,Diverse,68,,15,/winkel/foto/Kleding pakket_1090132714.jpg,1,2018-04-08 14:17:54,2018-04-09 20:03:00
13850,13850,Kleding pakket,2 x broek 1 x shirt ,Diverse,68,,15,/winkel/foto/Kleding pakket_2043922929.jpg,1,2018-04-08 14:17:54,2018-04-09 20:03:00
13852,13852,Kleding pakket,2 x shirt 1 x spenser,Diverse,122-128,,15,/winkel/foto/Kleding pakket_1073511081.jpg,1,2018-04-08 14:17:54,2018-04-09 20:03:00
13853,13853,Kleding pakket,1 x trui 1 x vest,Diverse,116,,15,/winkel/foto/Kleding pakket_441012893.jpg,1,2018-04-08 14:17:54,2018-04-09 20:03:00
13854,13854,Kleding zetje,1 x shirt 1 x blouse,Diverse,128,,15,/winkel/foto/Kleding zetje_2082360812.jpg,1,2018-04-08 14:17:54,2018-04-09 20:03:00
13855,13855,Vest,2 x vest,Diverse,122,,15,/winkel/foto/Vest_531605914.jpg,1,2018-04-08 14:17:54,2018-04-09 20:03:00
13857,13857,Jas,Zomerjas dun,Rood,74,,16,/winkel/foto/Jas_145204989.jpg,1,2018-04-08 14:17:54,2018-04-09 20:03:00
13859,13859,Jas,Voorjaarsjas allewn bovenste knoop mist,Baige,62,,4,/winkel/foto/Jas_2099037402.jpg,1,2018-04-08 14:17:54,2018-04-09 20:03:00
13860,13860,Skiebroek,Skie of winter broek,Roze,86,,16,/winkel/foto/Skiebroek_1880291951.jpg,1,2018-04-08 14:17:54,2018-04-09 20:03:00
13861,13861,Winterpak,Skie of winter pak,Blauw ,80,,4,/winkel/foto/Winterpak_1091795402.jpg,1,2018-04-08 14:17:54,2018-04-09 20:03:00
15669,15669,462,Sokken 6 paar,Diverse,,6 tot 12 maanden ,16,/winkel/foto/462_1566947718.jpg,1,2018-03-28 23:17:56,2018-04-09 20:03:00
15670,15670,447,Ondergoed,Diverse ,92,,16,/winkel/foto/447_442337866.jpg,1,2018-03-28 23:19:18,2018-04-09 20:03:00
15671,15671,448,Ondergoed,Diverse,110-116,,16,/winkel/foto/448_1424022898.jpg,1,2018-03-28 23:20:38,2018-04-09 20:03:00
15672,15672,450,3 x kruikzakken,Blauw met wit,,,34,/winkel/foto/450_957271632.jpg,1,2018-03-28 23:21:48,2018-04-09 20:03:00
15673,15673,449,Verkleedpak indianen,Diverse ,152,,7,/winkel/foto/449_1665276698.jpg,1,2018-03-28 23:23:26,2018-04-09 20:03:00
15674,15674,453,5 x rompers ,Diverse ,74-80,,15,/winkel/foto/453_698838443.jpg,1,2018-03-28 23:24:52,2018-04-09 20:03:00
15675,15675,451,4 x romper ,Diverse,62-68,,15,/winkel/foto/451_1389875170.jpg,1,2018-03-28 23:26:12,2018-04-09 20:03:00
15676,15676,452,5 x rompers ,Diverse,74-80,,15,/winkel/foto/452_401254430.jpg,1,2018-03-28 23:27:37,2018-04-09 20:03:00
15677,15677,457,3 x broek 1 x shirt ,Diverse ,80,,15,/winkel/foto/457_2063602210.jpg,1,2018-03-28 23:56:45,2018-04-09 20:03:00
15678,15678,470,2 x jurk,Diverse,80,,16,/winkel/foto/470_958692694.jpg,1,2018-03-28 23:58:18,2018-04-09 20:03:00
15679,15679,459,2 x shirt 1 x tuinbroek ,Diverse ,56,,15,/winkel/foto/459_569355408.jpg,1,2018-03-28 23:59:51,2018-04-09 20:03:00
15680,15680,475,1 x shirt 1 x trui 1 x vest,Diverse,86,,16,/winkel/foto/475_52030789.jpg,1,2018-03-29 00:01:10,2018-04-09 20:03:00
15681,15681,458,2 x broek,Diverse ,80,,15,/winkel/foto/458_385014127.jpg,1,2018-03-29 00:02:36,2018-04-09 20:03:00
15682,15682,473,3 x vest,Diverse ,80,,16,/winkel/foto/473_62404011.jpg,1,2018-03-29 00:03:41,2018-04-09 20:03:00
15683,15683,480,1 x piama,Diverse,74-80,,15,/winkel/foto/480_1463854726.jpg,1,2018-03-29 00:04:47,2018-04-09 20:03:00
15684,15684,Tutdingen,Tutlap wn knuffeltje zacht,Roze,,,34,/winkel/foto/Tutdingen_1751445288.jpg,1,2018-03-29 00:06:11,2018-04-09 20:03:00
15685,15685,479,Kleding zetje ,Diverse,62,,16,/winkel/foto/479_357645813.jpg,1,2018-03-29 00:07:20,2018-04-09 20:03:00
15686,15686,461,5 x broek,Diverse ,68,,15,/winkel/foto/461_1976299679.jpg,1,2018-03-29 00:08:45,2018-04-09 20:03:00
15688,15688,460,2 x shirt 1 x tuinbroek ,Diverse ,68,,15,/winkel/foto/460_1858931083.jpg,1,2018-03-29 00:12:07,2018-04-09 20:03:00
15689,15689,476,4 x shirt 1 x bollero,Diverse,56,,16,/winkel/foto/476_2007150605.jpg,1,2018-03-29 00:14:23,2018-04-09 20:03:00
15690,15690,455,Kleding zetje,Diverse ,128-134,,15,/winkel/foto/455_1384482726.jpg,1,2018-03-29 00:15:05,2018-04-09 20:03:00
15691,15691,Jas,Mer dubbelen rits ,Diverse,116,,4,/winkel/foto/Jas_377296271.jpg,1,2018-03-30 14:00:39,2018-04-09 20:03:00
15693,15693,415,Piama,Diverse ,110-116,,16,/winkel/foto/415_775962300.jpg,1,2018-03-30 14:20:55,2018-04-09 20:03:00
15694,15694,418,Piama,Diverse ,116,,8,/winkel/foto/418_270871067.jpg,0,2018-03-30 14:22:03,2018-04-09 20:03:00
15696,15696,420,4 x baby mutjes,Diverse,,,16,/winkel/foto/420_884593550.jpg,1,2018-03-30 14:34:27,2018-04-09 20:03:00
15697,15697,435,Kleding zetje ,Diverse,68,,15,/winkel/foto/435_2141603583.jpg,1,2018-03-30 14:35:24,2018-04-09 20:03:00
15698,15698,416,Piama,Diverse,110-116,,16,/winkel/foto/416_269682150.jpg,1,2018-03-30 14:37:22,2018-04-09 20:03:00
15699,15699,439,Baby dekentje,Roze,,,34,/winkel/foto/439_1889173333.jpg,1,2018-03-30 14:42:17,2018-04-09 20:03:00
15700,15700,Laarzen,1 x regenlaarzen,Roze,29,,8,/winkel/foto/Laarzen_1405683119.jpg,0,2018-03-30 14:43:19,2018-04-09 20:03:00
15701,15701,440,Bakerdoek,Wit,,,34,/winkel/foto/440_495197204.jpg,1,2018-03-30 14:44:33,2018-04-09 20:03:00
15703,15703,Slippers ,1 x slippers ,Roze,37,,8,/winkel/foto/Slippers _1656965614.jpg,0,2018-03-30 14:47:03,2018-04-09 20:03:00
15704,15704,Gypen,1 x gympen ,Diverse ,21,,8,/winkel/foto/Gypen_498937461.jpg,0,2018-03-30 14:49:26,2018-04-09 20:03:00
15706,15706,442,Kruippakje met muts,Diverse ,,6 maanden,34,/winkel/foto/442_817329355.jpg,1,2018-03-30 14:51:54,2018-04-09 20:03:00
15707,15707,Kruik,Met kruikzak,Wit,,,34,/winkel/foto/Kruik_1015024883.jpg,1,2018-03-30 14:52:49,2018-04-09 20:03:00
15708,15708,Kruik,Met kruikzak,Roze,,,34,/winkel/foto/Kruik_915263040.jpg,1,2018-03-30 14:53:44,2018-04-09 20:03:00
