id,title,user_id,description,priority,completed,created_at,updated_at
1,"Category image",1,"Voor de categorieOverigemoet een afbeelding gemaakt worden.",normaal,0,"2018-04-22 11:09:56","2018-04-22 11:09:56"
2,"Category image",1,"De subcategorie Overigein Baby Spullen moet een afbeelding gemaakt worden.",normaal,0,"2018-04-22 11:12:36","2018-04-22 11:12:36"
3,"Category image",1,"Voor de subcategorie Overige in Baby Spullen moet een afbeelding gemaakt worden.",normaal,0,"2018-04-22 11:18:26","2018-04-22 11:18:26"
4,"Category image",1,"Voor de subcategorie Overige in Baby Spullen moet een afbeelding gemaakt worden.",normaal,0,"2018-04-22 11:18:38","2018-04-22 11:18:38"
5,"Category image",1,"Voor de subcategorie Overige in Baby Spullen moet een afbeelding gemaakt worden.",normaal,0,"2018-04-22 11:20:00","2018-04-22 11:20:00"
6,"Category image",1,"Voor de subcategorie Overige in Baby Spullen moet een afbeelding gemaakt worden.",normaal,0,"2018-04-22 11:21:11","2018-04-22 11:21:11"
7,"Category image",1,"Voor de subcategorie Overige in Baby Spullen moet een afbeelding gemaakt worden.",normaal,0,"2018-04-22 11:22:51","2018-04-22 11:22:51"
8,"Category image",1,"Voor de subcategorie Overige in Baby Spullen moet een afbeelding gemaakt worden.",normaal,1,"2018-04-22 11:23:06","2018-04-24 03:02:17"
9,"Category image",1,"Voor de subcategorie Overige in Baby Spullen moet een afbeelding gemaakt worden.",normaal,1,"2018-04-22 11:23:47","2018-04-24 03:01:43"
10,"Category image",1,"Voor de subcategorie Overige in Baby Spullen moet een afbeelding gemaakt worden.",normaal,1,"2018-04-22 11:25:12","2018-04-24 03:01:39"
11,"Category image",1,"Voor de subcategorie Overige in Baby Spullen moet een afbeelding gemaakt worden.",normaal,1,"2018-04-22 11:26:26","2018-04-24 02:59:51"
12,"Categorie afbeelding toevoegen",1,"Voor de categorie: Test moet een afbeelding komen.",normaal,0,"2018-04-24 03:29:41","2018-04-24 03:29:41"
